PRAGMA foreign_keys=OFF;
BEGIN TRANSACTION;
CREATE TABLE "admins" ("id" INTEGER PRIMARY KEY AUTOINCREMENT NOT NULL, "email" varchar(255) DEFAULT '' NOT NULL, "encrypted_password" varchar(255) DEFAULT '' NOT NULL, "reset_password_token" varchar(255), "reset_password_sent_at" datetime, "remember_created_at" datetime, "sign_in_count" integer DEFAULT 0 NOT NULL, "current_sign_in_at" datetime, "last_sign_in_at" datetime, "current_sign_in_ip" varchar(255), "last_sign_in_ip" varchar(255), "created_at" datetime, "updated_at" datetime);
INSERT INTO "admins" VALUES(1,'ducrouxolivier@gmail.com','$2a$10$80aBj7mQQFbeIotwBBfFnuZLRC1EZqfXhkjpQO7y/G93yVLw15rYm',NULL,NULL,NULL,5,'2015-01-11 23:03:43.843594','2015-01-11 22:36:56.490233','127.0.0.1','127.0.0.1','2015-01-11 15:06:16.069553','2015-01-11 23:03:43.844093');
CREATE TABLE "chapters" ("id" INTEGER PRIMARY KEY AUTOINCREMENT NOT NULL, "title" varchar(255), "description" text, "created_at" datetime, "updated_at" datetime, "course_id" integer);
INSERT INTO "chapters" VALUES(1,'Chapitre deux','Coming soon...','2015-01-11 15:08:11.045479','2015-01-22 16:13:28.189947',1);
INSERT INTO "chapters" VALUES(2,'premier chapitre du cours de yoga Nidra','en','2015-01-13 16:16:39.142110','2015-01-22 16:15:47.118629',1);
INSERT INTO "chapters" VALUES(3,'premier chapitre du cours de pranayama','fr','2015-01-13 16:23:00.279575','2015-01-13 16:23:33.949096',2);
INSERT INTO "chapters" VALUES(4,'Troisieme chapitre du cours de yoga nidra','zzz !!!','2015-02-02 16:55:21.106990','2015-02-02 19:38:53.965465',1);
INSERT INTO "chapters" VALUES(5,'Quatrième chapitre','zzz','2015-02-02 19:37:59.910095','2015-02-02 19:39:12.350684',1);
INSERT INTO "chapters" VALUES(6,'Fifth chapter','eee','2015-02-02 19:38:18.188286','2015-02-02 19:38:18.191299',1);
CREATE TABLE "courses" ("id" INTEGER PRIMARY KEY AUTOINCREMENT NOT NULL, "title" varchar(255), "description" text, "created_at" datetime, "updated_at" datetime, "picture" varchar(255));
INSERT INTO "courses" VALUES(1,'Yoga-Nidra','The yoga of dreams','2015-01-11 15:06:44.936638','2015-01-15 16:08:53.882895','rsz_yoga-nidra.png');
INSERT INTO "courses" VALUES(2,'Pranayama','The control of Prana','2015-01-11 17:51:39.281506','2015-01-13 16:19:54.601463','rsz_pranayama.png');
INSERT INTO "courses" VALUES(3,'Natha-Yoga','The traditional yoga','2015-01-11 18:05:15.232743','2015-01-13 16:12:24.718964','rsz_natha-yoga.png');
CREATE TABLE "media" ("id" INTEGER PRIMARY KEY AUTOINCREMENT NOT NULL, "title" varchar(255), "description" text, "audio" varchar(255), "mediumable_id" integer, "mediumable_type" varchar(255), "created_at" datetime, "updated_at" datetime, "video" varchar(255));
INSERT INTO "media" VALUES(1,'Audio Théorie corps mental','La vision du yoga sur le corps mental','mentale.mp3',1,'Theory','2015-01-11 15:11:38.751295','2015-02-01 15:39:39.907107','Enregistrement.mp4');
INSERT INTO "media" VALUES(2,'media fr','sankalpa','mentale.mp3',3,'Theory','2015-01-13 18:10:57.838256','2015-02-01 14:44:43.706019',NULL);
INSERT INTO "media" VALUES(3,'mmm','mmm','sankalpa.mp3',3,'Practice','2015-01-23 23:50:12.017495','2015-02-01 14:44:43.708428',NULL);
INSERT INTO "media" VALUES(4,'sankalpa audio','zz','sankalpa.mp3',2,'Theory','2015-02-01 13:01:11.222814','2015-02-01 14:44:43.710943',NULL);
INSERT INTO "media" VALUES(5,'first video 1 + sankalpa','zz','sankalpa.mp3',1,'Theory','2015-02-01 15:13:28.894219','2015-02-01 15:38:07.413668','Sans_titre.mp4');
CREATE TABLE "practices" ("id" INTEGER PRIMARY KEY AUTOINCREMENT NOT NULL, "title" varchar(255), "description" text, "chapter_id" integer, "created_at" datetime, "updated_at" datetime);
INSERT INTO "practices" VALUES(1,'first practice','en',3,'2015-01-13 18:14:31.425849','2015-01-13 18:16:06.911320');
INSERT INTO "practices" VALUES(2,'2nd practice','en',3,'2015-01-13 18:15:48.184412','2015-01-13 18:16:24.425337');
INSERT INTO "practices" VALUES(3,'first practice','eee',1,'2015-01-15 16:11:00.547822','2015-02-02 17:40:51.942595');
INSERT INTO "practices" VALUES(4,'pratique 1 du chapitre 1','zzz',2,'2015-01-23 17:09:41.443597','2015-01-23 17:09:41.448457');
INSERT INTO "practices" VALUES(5,'Second practice ','zzz',1,'2015-02-02 17:39:58.291087','2015-02-02 17:40:33.969801');
INSERT INTO "practices" VALUES(6,'third practice','ezee',1,'2015-02-02 17:40:08.989411','2015-02-02 17:40:08.992631');
CREATE TABLE "theories" ("id" INTEGER PRIMARY KEY AUTOINCREMENT NOT NULL, "title" varchar(255), "description" text, "chapter_id" integer, "created_at" datetime, "updated_at" datetime);
INSERT INTO "theories" VALUES(1,'The mental body','Mental body',1,'2015-01-11 15:09:46.114655','2015-01-26 12:28:12.644577');
INSERT INTO "theories" VALUES(2,'Le Sankalpa','Sankalpa et le souhait',1,'2015-01-11 15:12:26.845447','2015-01-13 16:32:32.755350');
INSERT INTO "theories" VALUES(3,'first theory of first chapter of pranayama course','en',3,'2015-01-13 16:24:07.171379','2015-01-13 18:09:53.788845');
INSERT INTO "theories" VALUES(4,'premiere theorie du premier chapitre ','zzz',2,'2015-01-23 17:16:12.260445','2015-01-23 17:16:12.265053');
INSERT INTO "theories" VALUES(5,'theorie 3','zzz',1,'2015-01-24 17:55:53.382607','2015-01-24 17:55:53.387059');
CREATE TABLE "schema_migrations" ("version" varchar(255) NOT NULL);
INSERT INTO "schema_migrations" VALUES('20150109153449');
INSERT INTO "schema_migrations" VALUES('20141211223439');
INSERT INTO "schema_migrations" VALUES('20141215132357');
INSERT INTO "schema_migrations" VALUES('20141222160720');
INSERT INTO "schema_migrations" VALUES('20141222172101');
INSERT INTO "schema_migrations" VALUES('20141222235339');
INSERT INTO "schema_migrations" VALUES('20141227171857');
INSERT INTO "schema_migrations" VALUES('20150111174644');
INSERT INTO "schema_migrations" VALUES('20150111223307');
INSERT INTO "schema_migrations" VALUES('20150112161819');
INSERT INTO "schema_migrations" VALUES('20150113161357');
INSERT INTO "schema_migrations" VALUES('20150113162815');
INSERT INTO "schema_migrations" VALUES('20150113162822');
INSERT INTO "schema_migrations" VALUES('20150113162827');
INSERT INTO "schema_migrations" VALUES('20150201132328');
INSERT INTO "schema_migrations" VALUES('20150201132513');
CREATE TABLE "users" ("id" INTEGER PRIMARY KEY AUTOINCREMENT NOT NULL, "email" varchar(255) DEFAULT '' NOT NULL, "encrypted_password" varchar(255) DEFAULT '' NOT NULL, "reset_password_token" varchar(255), "reset_password_sent_at" datetime, "remember_created_at" datetime, "sign_in_count" integer DEFAULT 0 NOT NULL, "current_sign_in_at" datetime, "last_sign_in_at" datetime, "current_sign_in_ip" varchar(255), "last_sign_in_ip" varchar(255), "created_at" datetime, "updated_at" datetime);
INSERT INTO "users" VALUES(1,'ducrouxolivier@gmail.com','$2a$10$o6jLfjqcYo0/6oKpsy6htOmyPc3Jb0yb7lqZVEyUybfvWDfgKGLQq',NULL,NULL,NULL,7,'2015-02-03 16:53:49.121689','2015-01-27 22:23:18.257928','192.168.1.80','192.168.1.80','2015-01-11 22:35:01.718037','2015-02-03 16:53:49.122596');
CREATE TABLE "course_translations" ("id" INTEGER PRIMARY KEY AUTOINCREMENT NOT NULL, "course_id" integer NOT NULL, "locale" varchar(255) NOT NULL, "created_at" datetime, "updated_at" datetime, "title" varchar(255), "description" text);
INSERT INTO "course_translations" VALUES(1,1,'fr','2015-01-12 16:22:07.894104','2015-01-12 16:22:07.894104','Yoga-Nidra','Le yoga du sommeil.');
INSERT INTO "course_translations" VALUES(2,2,'fr','2015-01-12 16:22:07.908290','2015-01-12 16:22:07.908290','Pranayama','Le contrôle du Prana.');
INSERT INTO "course_translations" VALUES(3,3,'fr','2015-01-12 16:22:07.911194','2015-01-12 16:22:07.911194','Natha-Yoga','Le yoga traditionnel.');
INSERT INTO "course_translations" VALUES(8,1,'en','2015-01-13 15:51:42.468692','2015-01-13 15:51:42.468692','Yoga-Nidra','The yoga of dreams');
INSERT INTO "course_translations" VALUES(9,2,'en','2015-01-13 16:12:09.957571','2015-01-13 16:12:09.957571','Pranayama','The control of Prana');
INSERT INTO "course_translations" VALUES(10,3,'en','2015-01-13 16:12:24.717127','2015-01-13 16:12:24.717127','Natha-Yoga','The traditional yoga');
CREATE TABLE "chapter_translations" ("id" INTEGER PRIMARY KEY AUTOINCREMENT NOT NULL, "chapter_id" integer NOT NULL, "locale" varchar(255) NOT NULL, "created_at" datetime, "updated_at" datetime, "title" varchar(255), "description" text);
INSERT INTO "chapter_translations" VALUES(1,1,'fr','2015-01-13 16:15:47.005280','2015-01-22 16:13:28.188511','Chapitre deux','à venir..');
INSERT INTO "chapter_translations" VALUES(2,2,'fr','2015-01-13 16:16:39.144199','2015-01-22 16:15:47.117540','premier chapitre du cours de yoga Nidra','fr');
INSERT INTO "chapter_translations" VALUES(3,2,'en','2015-01-13 16:17:11.265515','2015-01-13 16:17:11.265515','first chapter of yoga nidra course','en');
INSERT INTO "chapter_translations" VALUES(4,3,'en','2015-01-13 16:23:00.281170','2015-01-13 16:23:00.281170','first chapter of pranayama course','en');
INSERT INTO "chapter_translations" VALUES(5,3,'fr','2015-01-13 16:23:18.485130','2015-01-13 16:23:18.485130','premier chapitre du cours de pranayama','fr');
INSERT INTO "chapter_translations" VALUES(6,1,'en','2015-01-13 18:28:07.084404','2015-01-22 16:13:17.859399','Chapter two','Coming soon...');
INSERT INTO "chapter_translations" VALUES(7,4,'en','2015-02-02 16:55:21.108489','2015-02-02 16:57:45.224933','Third Chapter of yoga nidra course','zzz !!!');
INSERT INTO "chapter_translations" VALUES(8,5,'en','2015-02-02 19:37:59.911914','2015-02-02 19:37:59.911914','Fourth Chapter','zzz');
INSERT INTO "chapter_translations" VALUES(9,6,'en','2015-02-02 19:38:18.189674','2015-02-02 19:38:18.189674','Fifth chapter','eee');
INSERT INTO "chapter_translations" VALUES(10,4,'fr','2015-02-02 19:38:53.964035','2015-02-02 19:38:53.964035','Troisieme chapitre du cours de yoga nidra','zzz !!!');
INSERT INTO "chapter_translations" VALUES(11,5,'fr','2015-02-02 19:39:12.348929','2015-02-02 19:39:12.348929','Quatrième chapitre','zzz');
CREATE TABLE "theory_translations" ("id" INTEGER PRIMARY KEY AUTOINCREMENT NOT NULL, "theory_id" integer NOT NULL, "locale" varchar(255) NOT NULL, "created_at" datetime, "updated_at" datetime, "title" varchar(255), "description" text);
INSERT INTO "theory_translations" VALUES(1,1,'fr','2015-01-13 16:32:32.746351','2015-01-13 16:32:32.746351','Le corps mental','le corps mental selon le yoga');
INSERT INTO "theory_translations" VALUES(2,2,'fr','2015-01-13 16:32:32.754297','2015-01-13 16:32:32.754297','Le Sankalpa','Sankalpa et le souhait');
INSERT INTO "theory_translations" VALUES(3,3,'fr','2015-01-13 16:32:32.756803','2015-01-13 18:09:18.396331','premiere theorie du premier chapitre de pranayama','fr');
INSERT INTO "theory_translations" VALUES(4,3,'en','2015-01-13 18:09:53.787587','2015-01-13 18:09:53.787587','first theory of first chapter of pranayama course','en');
INSERT INTO "theory_translations" VALUES(5,4,'fr','2015-01-23 17:16:12.262509','2015-01-23 17:16:12.262509','premiere theorie du premier chapitre ','zzz');
INSERT INTO "theory_translations" VALUES(6,5,'fr','2015-01-24 17:55:53.384338','2015-01-24 17:55:53.384338','theorie 3','zzz');
INSERT INTO "theory_translations" VALUES(7,1,'en','2015-01-26 12:28:12.641821','2015-01-26 12:28:12.641821','The mental body','Mental body');
CREATE TABLE "practice_translations" ("id" INTEGER PRIMARY KEY AUTOINCREMENT NOT NULL, "practice_id" integer NOT NULL, "locale" varchar(255) NOT NULL, "created_at" datetime, "updated_at" datetime, "title" varchar(255), "description" text);
INSERT INTO "practice_translations" VALUES(1,1,'fr','2015-01-13 18:14:31.427527','2015-01-13 18:14:31.427527','1ere pratique','fr');
INSERT INTO "practice_translations" VALUES(2,2,'fr','2015-01-13 18:15:48.185838','2015-01-13 18:15:48.185838','2 eme pratique','fr');
INSERT INTO "practice_translations" VALUES(3,1,'en','2015-01-13 18:16:06.909864','2015-01-13 18:16:06.909864','first practice','en');
INSERT INTO "practice_translations" VALUES(4,2,'en','2015-01-13 18:16:24.423573','2015-01-13 18:16:24.423573','2nd practice','en');
INSERT INTO "practice_translations" VALUES(5,3,'en','2015-01-15 16:11:00.549382','2015-02-02 17:40:51.941485','first practice','eee');
INSERT INTO "practice_translations" VALUES(6,4,'fr','2015-01-23 17:09:41.445294','2015-01-23 17:09:41.445294','pratique 1 du chapitre 1','zzz');
INSERT INTO "practice_translations" VALUES(7,5,'en','2015-02-02 17:39:58.293071','2015-02-02 17:40:33.968556','Second practice ','zzz');
INSERT INTO "practice_translations" VALUES(8,6,'en','2015-02-02 17:40:08.990935','2015-02-02 17:40:08.990935','third practice','ezee');
CREATE TABLE "medium_translations" ("id" INTEGER PRIMARY KEY AUTOINCREMENT NOT NULL, "medium_id" integer NOT NULL, "locale" varchar(255) NOT NULL, "created_at" datetime, "updated_at" datetime, "title" varchar(255), "description" text, "audio" varchar(255), "video" varchar(255));
INSERT INTO "medium_translations" VALUES(1,1,'fr','2015-01-13 18:08:42.185815','2015-01-13 18:08:42.185815','Audio Théorie corps mental','La vision du yoga sur le corps mental','mentale.mp3',NULL);
INSERT INTO "medium_translations" VALUES(2,2,'en','2015-01-13 18:10:57.840918','2015-01-13 18:10:57.840918','media en','sankalpa','sankalpa.mp3',NULL);
INSERT INTO "medium_translations" VALUES(3,2,'fr','2015-01-13 18:11:19.813726','2015-01-13 18:11:19.813726','media fr','sankalpa','mentale.mp3',NULL);
INSERT INTO "medium_translations" VALUES(4,3,'fr','2015-01-23 23:50:12.019264','2015-01-23 23:50:12.019264','mmm','mmm','sankalpa.mp3',NULL);
INSERT INTO "medium_translations" VALUES(5,4,'en','2015-02-01 13:01:11.224737','2015-02-01 13:01:11.224737','sankalpa audio','zz','sankalpa.mp3',NULL);
INSERT INTO "medium_translations" VALUES(6,4,'fr','2015-02-01 14:43:16.809941','2015-02-01 14:43:16.809941',NULL,NULL,NULL,NULL);
INSERT INTO "medium_translations" VALUES(7,5,'en','2015-02-01 15:13:28.895960','2015-02-01 15:38:07.412365','first video 1 + sankalpa','zz','sankalpa.mp3','Sans_titre.mp4');
INSERT INTO "medium_translations" VALUES(8,1,'en','2015-02-01 15:39:39.905437','2015-02-01 15:39:39.905437','Audio Théorie corps mental','La vision du yoga sur le corps mental',NULL,'Enregistrement.mp4');
DELETE FROM sqlite_sequence;
INSERT INTO "sqlite_sequence" VALUES('admins',1);
INSERT INTO "sqlite_sequence" VALUES('courses',6);
INSERT INTO "sqlite_sequence" VALUES('chapters',6);
INSERT INTO "sqlite_sequence" VALUES('theories',5);
INSERT INTO "sqlite_sequence" VALUES('media',5);
INSERT INTO "sqlite_sequence" VALUES('users',1);
INSERT INTO "sqlite_sequence" VALUES('course_translations',12);
INSERT INTO "sqlite_sequence" VALUES('chapter_translations',11);
INSERT INTO "sqlite_sequence" VALUES('theory_translations',7);
INSERT INTO "sqlite_sequence" VALUES('practices',6);
INSERT INTO "sqlite_sequence" VALUES('practice_translations',8);
INSERT INTO "sqlite_sequence" VALUES('medium_translations',8);
CREATE UNIQUE INDEX "index_admins_on_email" ON "admins" ("email");
CREATE UNIQUE INDEX "index_admins_on_reset_password_token" ON "admins" ("reset_password_token");
CREATE INDEX "index_chapters_on_course_id" ON "chapters" ("course_id");
CREATE INDEX "index_media_on_mediumable_id_and_mediumable_type" ON "media" ("mediumable_id", "mediumable_type");
CREATE INDEX "index_practices_on_chapter_id" ON "practices" ("chapter_id");
CREATE INDEX "index_theories_on_chapter_id" ON "theories" ("chapter_id");
CREATE UNIQUE INDEX "unique_schema_migrations" ON "schema_migrations" ("version");
CREATE UNIQUE INDEX "index_users_on_email" ON "users" ("email");
CREATE UNIQUE INDEX "index_users_on_reset_password_token" ON "users" ("reset_password_token");
CREATE INDEX "index_course_translations_on_course_id" ON "course_translations" ("course_id");
CREATE INDEX "index_course_translations_on_locale" ON "course_translations" ("locale");
CREATE INDEX "index_chapter_translations_on_chapter_id" ON "chapter_translations" ("chapter_id");
CREATE INDEX "index_chapter_translations_on_locale" ON "chapter_translations" ("locale");
CREATE INDEX "index_theory_translations_on_theory_id" ON "theory_translations" ("theory_id");
CREATE INDEX "index_theory_translations_on_locale" ON "theory_translations" ("locale");
CREATE INDEX "index_practice_translations_on_practice_id" ON "practice_translations" ("practice_id");
CREATE INDEX "index_practice_translations_on_locale" ON "practice_translations" ("locale");
CREATE INDEX "index_medium_translations_on_medium_id" ON "medium_translations" ("medium_id");
CREATE INDEX "index_medium_translations_on_locale" ON "medium_translations" ("locale");
COMMIT;
